{
  "rulesDirectory": [
    "node_modules/codelyzer"
  ],
  "rules": {
    "array-type": [
      true,
      "array"
    ],
    "arrow-return-shorthand": true,
    "callable-types": true,
    "class-name": true,
    "comment-format": [
      true,
      "check-space"
    ],
    "curly": true,
    "eofline": true,
    "forin": false,
    "import-blacklist": [
      true
    ],
    "ordered-imports": [
      true,
      {
        "grouped-imports": false,
        "import-sources-order": "any",
        "named-imports-order": "any"
      }
    ],
    "import-spacing": true,
    "indent": [
      true,
      "spaces"
    ],
    "label-position": true,
    "max-line-length": [
      true,
      120,
      "^import "
    ],
    "member-access": false,
    "member-ordering": [
      true,
      {
        "order": [
          "static-field",
          "instance-field",
          "static-method",
          "instance-method"
        ]
      }
    ],
    "no-arg": true,
    "no-bitwise": true,
    "no-console": [
      true,
      "debug",
      "info",
      "trace"
    ],
    "no-construct": true,
    "no-debugger": true,
    "no-duplicate-super": true,
    "no-empty": false,
    "no-empty-interface": true,
    "no-eval": true,
    "no-inferrable-types": false,
    "no-misused-new": true,
    "no-non-null-assertion": false,
    "no-shadowed-variable": true,
    "no-string-literal": false,
    "no-string-throw": true,
    "no-switch-case-fall-through": true,
    "no-trailing-whitespace": true,
    "no-unused-expression": true,
    "no-var-keyword": true,
    "object-literal-sort-keys": false,
    "one-line": [
      true,
      "check-catch",
      "check-else",
      "check-whitespace"
    ],
    "prefer-const": true,
    "quotemark": [
      true,
      "single"
    ],
    "radix": true,
    "semicolon": [
      true,
      "always",
      "ignore-interfaces",
      "strict-bound-class-methods"
    ],
    "triple-equals": [
      true,
      "allow-null-check"
    ],
    "typedef-whitespace": [
      true,
      {
        "call-signature": "nospace",
        "index-signature": "nospace",
        "parameter": "nospace",
        "property-declaration": "nospace",
        "variable-declaration": "nospace"
      }
    ],
    "unified-signatures": true,
    "variable-name": false,
    "whitespace": [
      true,
      "check-branch",
      "check-decl",
      "check-module",
      "check-operator",
      "check-separator",
      "check-type"
    ],
    "directive-selector": [
      true,
      "attribute",
      false,
      "camelCase"
    ],
    "component-selector": [
      true,
      "element",
      false,
      "kebab-case"
    ],
    "no-inputs-metadata-property": true,
    "no-outputs-metadata-property": true,
    "no-host-metadata-property": true,
    "no-input-rename": false,
    "no-output-rename": false,
    "use-lifecycle-interface": true,
    "use-pipe-transform-interface": true,
    "component-class-suffix": false,
    "directive-class-suffix": false
  }
}
